_id,text
ObjectId("5e28fe3f9f32ef20387f4262"),#LoM√°sLe√≠do L√≥pez Obrador pedir√° a Pemex explique robo de crudo en Golfo de M√©xico https://t.co/s7dsh4fx94
ObjectId("5e28fe3f9f32ef20387f4263"),RT @telediario: üî¥ Se difunde #Video de robo a mano armada de un autom√≥vil en #Ecatepec #Edomex ¬°En menos de 30 segundos! A los ladrones no‚Ä¶
ObjectId("5e28fe3f9f32ef20387f4264"),Fui v√≠ctima de Robo de auto partes en la colonia Ju√°rez, CDMX @SSP_CDMX @UCS_GCDMX @lajuarezDF https://t.co/AmBagi7vfo
ObjectId("5e28fe3f9f32ef20387f4265"),"Investigan tiroteo en edificio de Ej√©rcito Nacional"  https://t.co/mcKvLMHctR
¬øPor qu√© hay tanto cr√≠men, tanto asa‚Ä¶ https://t.co/WMqfiMcVWK
ObjectId("5e28fe3f9f32ef20387f4266"),RT @valdemarman: @MobikeMX un usuario en Facebook vende o cambia una de tus bicicletas por un celular.
¬øQuieres el enlace para que hagas la‚Ä¶
ObjectId("5e28fe3f9f32ef20387f4267"),@MobikeMX un usuario en Facebook vende o cambia una de tus bicicletas por un celular.
¬øQuieres el enlace para que h‚Ä¶ https://t.co/IlzGE6IPlK
ObjectId("5e28fe3f9f32ef20387f4268"),RT @telediario: üöó Hasta el momento se desconoce si hay personas detenidas por este robo.

https://t.co/4u9DThcYl7
ObjectId("5e28fe3f9f32ef20387f4269"),üöó Hasta el momento se desconoce si hay personas detenidas por este robo.

https://t.co/4u9DThcYl7
ObjectId("5e28fe3f9f32ef20387f426a"),RT @NTelevisa_com: Como se√±as particulares la peque√±a tiene un lunar rojo en la nuca y uno en forma de mancha morada en la espalda.  https:‚Ä¶
ObjectId("5e28fe3f9f32ef20387f426b"),RT @lasillarota: ¬øCu√°l es la zona m√°s peligrosa para pasear a tu mascota? Te dejamos el mapa con las colonias donde tu lomito corre m√°s rie‚Ä¶
ObjectId("5e28fe3f9f32ef20387f426c"),RT @lasillarota: ¬øCu√°l es la zona m√°s peligrosa para pasear a tu mascota? Te dejamos el mapa con las colonias donde tu lomito corre m√°s rie‚Ä¶
ObjectId("5e28fe3f9f32ef20387f426d"),RT @telediario: üîª Solo 30 segundos fueron suficientes para que hombres armados realizaran un robo a una familia en Ecatepec; ninguna patrul‚Ä¶
ObjectId("5e28fe3f9f32ef20387f426e"),RT @telediario: üëé #Ent√©rate Un hombre vestido de payaso rob√≥ una tableta electr√≥nica una cafeter√≠a en #CDMX

#TelediarioEnEl6 con @Carloszu‚Ä¶
ObjectId("5e28fe3f9f32ef20387f426f"),RT @telediario: üëé #Ent√©rate Un hombre vestido de payaso rob√≥ una tableta electr√≥nica una cafeter√≠a en #CDMX

#TelediarioEnEl6 con @Carloszu‚Ä¶
ObjectId("5e28fe3f9f32ef20387f4270"),RT @Cuauhtemoc_1521: @MictlanGuapo @SEDEMA_CDMX Ese caco viene de la mitolog√≠a griega. Caco le rob√≥ unas vacas a H√©rcules escondi√©ndolas en‚Ä¶
ObjectId("5e28fe3f9f32ef20387f4271"),@MictlanGuapo @SEDEMA_CDMX Ese caco viene de la mitolog√≠a griega. Caco le rob√≥ unas vacas a H√©rcules escondi√©ndolas en una cueva
ObjectId("5e28fe3f9f32ef20387f4272"),üëé #Ent√©rate Un hombre vestido de payaso rob√≥ una tableta electr√≥nica una cafeter√≠a en #CDMX

#TelediarioEnEl6 con‚Ä¶ https://t.co/FKuDmD6a3E
ObjectId("5e28fe3f9f32ef20387f4273"),üîª Solo 30 segundos fueron suficientes para que hombres armados realizaran un robo a una familia en Ecatepec; ningun‚Ä¶ https://t.co/2hm37sMkGw
ObjectId("5e28fe3f9f32ef20387f4274"),RT @lasillarota: ¬øCu√°l es la zona m√°s peligrosa para pasear a tu mascota? Te dejamos el mapa con las colonias donde tu lomito corre m√°s rie‚Ä¶
ObjectId("5e28fe3f9f32ef20387f4275"),@RuidoEnLaRed @Claudiashein @SSP_CDMX @ErickBaena  hay que decirle a @Claudiashein  la verdad de todos los abusos q‚Ä¶ https://t.co/SrA72RHImd
ObjectId("5e28fe3f9f32ef20387f4276"),RT @lasillarota: ¬°Cuidado! Estas son las colonias donde m√°s roban mascotas https://t.co/votZTeHDOB
ObjectId("5e28fe3f9f32ef20387f4277"),RT @lasillarota: As√≠ opera la banda "Centenario", liderada por colombianos, que se dedica al robo de tarjetas bancarias y saqueos a casa ha‚Ä¶
ObjectId("5e28fe3f9f32ef20387f4278"),RT @CapitalMX_: #LoM√°sLe√≠do L√≥pez Obrador pedir√° a Pemex explique robo de crudo en Golfo de M√©xico https://t.co/s7dsh4fx94
ObjectId("5e28fe3f9f32ef20387f4279"),RT @AlcCuauhtemocMx: Polic√≠as de la @SSP_CDMX detuvieron a un hombre relacionado con el robo en un hotel del #CentroHist√≥rico de nuestra #A‚Ä¶
ObjectId("5e28fe3f9f32ef20387f427a"),RT @lasillarota: As√≠ opera la banda "Centenario", liderada por colombianos, que se dedica al robo de tarjetas bancarias y saqueos a casa ha‚Ä¶
ObjectId("5e28fe3f9f32ef20387f427b"),RT @lasillarota: As√≠ opera la banda "Centenario", liderada por colombianos, que se dedica al robo de tarjetas bancarias y saqueos a casa ha‚Ä¶
ObjectId("5e28fe3f9f32ef20387f427c"),#VicioNoticias Desmienten un supuesto robo de patrimonio en el Archivo Hist√≥rico de la CDMX https://t.co/L9Lh03VwMu https://t.co/oAFjXN3f3u
ObjectId("5e28fe3f9f32ef20387f427d"),@SSP_CDMX Quiero denunciar un robo en proceso üëáüèº https://t.co/19HzMOEqEF
ObjectId("5e28fe3f9f32ef20387f427e"),RT @lasillarota: As√≠ opera la banda "Centenario", liderada por colombianos, que se dedica al robo de tarjetas bancarias y saqueos a casa ha‚Ä¶
ObjectId("5e28fe3f9f32ef20387f427f"),RT @lasillarota: ¬øCu√°l es la zona m√°s peligrosa para pasear a tu mascota? Te dejamos el mapa con las colonias donde tu lomito corre m√°s rie‚Ä¶
ObjectId("5e28fe3f9f32ef20387f4280"),RT @lasillarota: ¬øCu√°l es la zona m√°s peligrosa para pasear a tu mascota? Te dejamos el mapa con las colonias donde tu lomito corre m√°s rie‚Ä¶
ObjectId("5e28fe3f9f32ef20387f4281"),RT @ivsalom: El pasado *Viernes 17/01/2020* a las *11.50 PM* fui despojado de mis pertenencias y el Veh√≠culo *Mazda 3 2016* Placas de Circu‚Ä¶
ObjectId("5e28fe3f9f32ef20387f4282"),RT @lasillarota: As√≠ opera la banda "Centenario", liderada por colombianos, que se dedica al robo de tarjetas bancarias y saqueos a casa ha‚Ä¶
ObjectId("5e28fe3f9f32ef20387f4283"),RT @lasillarota: As√≠ opera la banda "Centenario", liderada por colombianos, que se dedica al robo de tarjetas bancarias y saqueos a casa ha‚Ä¶
ObjectId("5e28fe3f9f32ef20387f4284"),RT @lasillarota: ¬øCu√°l es la zona m√°s peligrosa para pasear a tu mascota? Te dejamos el mapa con las colonias donde tu lomito corre m√°s rie‚Ä¶
ObjectId("5e28fe3f9f32ef20387f4285"),RT @lasillarota: As√≠ opera la banda "Centenario", liderada por colombianos, que se dedica al robo de tarjetas bancarias y saqueos a casa ha‚Ä¶
ObjectId("5e28fe3f9f32ef20387f4286"),RT @lasillarota: As√≠ opera la banda "Centenario", liderada por colombianos, que se dedica al robo de tarjetas bancarias y saqueos a casa ha‚Ä¶
ObjectId("5e28fe3f9f32ef20387f4287"),RT @lasillarota: As√≠ opera la banda "Centenario", liderada por colombianos, que se dedica al robo de tarjetas bancarias y saqueos a casa ha‚Ä¶
ObjectId("5e28fe3f9f32ef20387f4288"),RT @lasillarota: As√≠ opera la banda "Centenario", liderada por colombianos, que se dedica al robo de tarjetas bancarias y saqueos a casa ha‚Ä¶
ObjectId("5e28fe3f9f32ef20387f4289"),As√≠ opera la banda "Centenario", liderada por colombianos, que se dedica al robo de tarjetas bancarias y saqueos a‚Ä¶ https://t.co/jgCV9LMpZL
ObjectId("5e28fe3f9f32ef20387f428a"),@FiscaliaEdomex me pueden orientar, a donde debo acudir para hacer una aclaraci√≥n, la placa de mi carro cuenta con‚Ä¶ https://t.co/74hkxLYEnM
ObjectId("5e28fe3f9f32ef20387f428b"),RT @telediario: üî¥ Se difunde #Video de robo a mano armada de un autom√≥vil en #Ecatepec #Edomex ¬°En menos de 30 segundos! A los ladrones no‚Ä¶
ObjectId("5e28fe3f9f32ef20387f428c"),De la @FiscaliaCDMX nos informan que se abrieron 37 carpetas de investigaci√≥n: 13 por robo a negocio sin violencia,‚Ä¶ https://t.co/YG4SIxVNpb
ObjectId("5e28fe3f9f32ef20387f428d"),RT @lasillarota: Polic√≠a se niega a detener a asaltantes de anciana en las calles del centro de la #CDMX; otros uniformados lo detuvieron h‚Ä¶
ObjectId("5e28fe3f9f32ef20387f428e"),RT @telediario: üî¥ Se difunde #Video de robo a mano armada de un autom√≥vil en #Ecatepec #Edomex ¬°En menos de 30 segundos! A los ladrones no‚Ä¶
ObjectId("5e28fe3f9f32ef20387f428f"),RT @lasillarota: ¬øCu√°l es la zona m√°s peligrosa para pasear a tu mascota? Te dejamos el mapa con las colonias donde tu lomito corre m√°s rie‚Ä¶
ObjectId("5e28fe3f9f32ef20387f4290"),RT @AlcCuauhtemocMx: Polic√≠as de la @SSP_CDMX detuvieron a un hombre relacionado con el robo en un hotel del #CentroHist√≥rico de nuestra #A‚Ä¶
ObjectId("5e28fe3f9f32ef20387f4291"),#LoM√°sLe√≠do L√≥pez Obrador pedir√° a Pemex explique robo de crudo en Golfo de M√©xico https://t.co/s7dsh4fx94
ObjectId("5e28fe3f9f32ef20387f4292"),üî¥ Se difunde #Video de robo a mano armada de un autom√≥vil en #Ecatepec #Edomex ¬°En menos de 30 segundos! A los ladr‚Ä¶ https://t.co/tF7Zq4ljI7
ObjectId("5e28fe3f9f32ef20387f4293"),RT @SofiaEnTuRadio: #3DeHoy

Hoy es un d√≠a clave para la audiencia de Garc√≠a Luna en NY.
Robo de perros, negoci√≥ que se ha vuelto redituabl‚Ä¶
ObjectId("5e28fe3f9f32ef20387f4294"),#3DeHoy

Hoy es un d√≠a clave para la audiencia de Garc√≠a Luna en NY.
Robo de perros, negoci√≥ que se ha vuelto redit‚Ä¶ https://t.co/L9Aj4OKstS
ObjectId("5e28fe3f9f32ef20387f4295"),RT @lasillarota: Polic√≠a se niega a detener a asaltantes de anciana en las calles del centro de la #CDMX; otros uniformados lo detuvieron h‚Ä¶
ObjectId("5e28fe3f9f32ef20387f4296"),RT @lasillarota: Polic√≠a se niega a detener a asaltantes de anciana en las calles del centro de la #CDMX; otros uniformados lo detuvieron h‚Ä¶
ObjectId("5e28fe3f9f32ef20387f4297"),Polic√≠a se niega a detener a asaltantes de anciana en las calles del centro de la #CDMX; otros uniformados lo detuv‚Ä¶ https://t.co/7rsgqyb9l8
ObjectId("5e28fe3f9f32ef20387f4298"),RT @AlcCuauhtemocMx: Polic√≠as de la @SSP_CDMX detuvieron a un hombre relacionado con el robo en un hotel del #CentroHist√≥rico de nuestra #A‚Ä¶
ObjectId("5e28fe3f9f32ef20387f4299"),Polic√≠as de @SSP_CDMX evitan robo en #centrocambiarios de la @LaRomaDF en @AlcCuauhtemocMx Hay un detenido‚Ä¶ https://t.co/PTgTy7Lryo
ObjectId("5e28fe3f9f32ef20387f429a"),RT @CapitalMX_: L√≥pez Obrador pedir√° a Pemex explique robo de crudo en Golfo de M√©xico https://t.co/s7dsh4fx94
ObjectId("5e28fe3f9f32ef20387f429b"),El pasado *Viernes 17/01/2020* a las *11.50 PM* fui despojado de mis pertenencias y el Veh√≠culo *Mazda 3 2016* Plac‚Ä¶ https://t.co/OhxLnKEjgO
ObjectId("5e28fe3f9f32ef20387f429c"),@ClaudiaLizaldi Dure a√±os con placas de CDMX y del edo mex. y lo que gane es que me robaran una SUV en la puerta de‚Ä¶ https://t.co/zRn4Z2ZWrc
ObjectId("5e28fe3f9f32ef20387f429d"),RT @danialbazr: @MaRyFeRGgV @alexalba @SSP_CDMX @GobCDMX Jurar√≠a que es el mismo se√±or que nos rob√≥ una compu en un congreso en 2017, en un‚Ä¶
ObjectId("5e28fe3f9f32ef20387f429e"),@MaRyFeRGgV @alexalba @SSP_CDMX @GobCDMX Jurar√≠a que es el mismo se√±or que nos rob√≥ una compu en un congreso en 201‚Ä¶ https://t.co/sCBuUZXeeC
ObjectId("5e28fe3f9f32ef20387f429f"),RT @DefensaAnimal: Emilio, el bulldog robado en la Col. Roma, fue afortunado √©l pudo regresar a casa, pero no siempre es as√≠. Los robos de‚Ä¶
ObjectId("5e28fe3f9f32ef20387f42a0"),RT @telediario: üì∫ Buscan aprobaci√≥n de iniciativa para castigar el robo y secuestro de mascotas, debido al incremento de estos delitos en l‚Ä¶
ObjectId("5e28fe3f9f32ef20387f42a1"),RT @Armando_Mtz_A7: #AlMomento Agentes de inteligencia ‚ÄúBorus‚Äù @SSP_CDMX lograron detener a dos sujetos implicados en el robo a transe√∫ntes‚Ä¶
ObjectId("5e28fe3f9f32ef20387f42a2"),RT @AlcCuauhtemocMx: Polic√≠as de la @SSP_CDMX detuvieron a un hombre relacionado con el robo en un hotel del #CentroHist√≥rico de nuestra #A‚Ä¶
ObjectId("5e28fe3f9f32ef20387f42a3"),RT @AlcCuauhtemocMx: Polic√≠as de la @SSP_CDMX detuvieron a un hombre relacionado con el robo en un hotel del #CentroHist√≥rico de nuestra #A‚Ä¶
ObjectId("5e28fe3f9f32ef20387f42a4"),RT @AlcCuauhtemocMx: Polic√≠as de la @SSP_CDMX detuvieron a un hombre relacionado con el robo en un hotel del #CentroHist√≥rico de nuestra #A‚Ä¶
ObjectId("5e28fe3f9f32ef20387f42a5"),L√≥pez Obrador pedir√° a Pemex explique robo de crudo en Golfo de M√©xico https://t.co/s7dsh4fx94
ObjectId("5e28fe3f9f32ef20387f42a6"),RT @AlcCuauhtemocMx: Polic√≠as de la @SSP_CDMX detuvieron a un hombre relacionado con el robo en un hotel del #CentroHist√≥rico de nuestra #A‚Ä¶
ObjectId("5e28fe3f9f32ef20387f42a7"),RT @AlcCuauhtemocMx: Polic√≠as de la @SSP_CDMX detuvieron a un hombre relacionado con el robo en un hotel del #CentroHist√≥rico de nuestra #A‚Ä¶
ObjectId("5e28fe3f9f32ef20387f42a8"),RT @24_morelos: El diputado local @Emmanuel_CDMX denunci√≥ en redes sociales el robo de $80 mil pesos tras retirarlos de un banco ubicado en‚Ä¶
ObjectId("5e28fe3f9f32ef20387f42a9"),CDMX. AMLO ve sabotaje de la competencia en robo de combustibles https://t.co/48uV0RjJdC https://t.co/XYsb5HUOea
ObjectId("5e28fe3f9f32ef20387f42aa"),RT @AlcCuauhtemocMx: Polic√≠as de la @SSP_CDMX detuvieron a un hombre relacionado con el robo en un hotel del #CentroHist√≥rico de nuestra #A‚Ä¶
ObjectId("5e28fe3f9f32ef20387f42ab"),RT @AlcCuauhtemocMx: Polic√≠as de la @SSP_CDMX detuvieron a un hombre relacionado con el robo en un hotel del #CentroHist√≥rico de nuestra #A‚Ä¶
ObjectId("5e28fe3f9f32ef20387f42ac"),RT @AlcCuauhtemocMx: Polic√≠as de la @SSP_CDMX detuvieron a un hombre relacionado con el robo en un hotel del #CentroHist√≥rico de nuestra #A‚Ä¶
ObjectId("5e28fe3f9f32ef20387f42ad"),RT @AlcCuauhtemocMx: Polic√≠as de la @SSP_CDMX detuvieron a un hombre relacionado con el robo en un hotel del #CentroHist√≥rico de nuestra #A‚Ä¶
ObjectId("5e28fe3f9f32ef20387f42ae"),RT @AlcCuauhtemocMx: Polic√≠as de la @SSP_CDMX detuvieron a un hombre relacionado con el robo en un hotel del #CentroHist√≥rico de nuestra #A‚Ä¶
ObjectId("5e28fe3f9f32ef20387f42af"),Polic√≠as de la @SSP_CDMX detuvieron a un hombre relacionado con el robo en un hotel del #CentroHist√≥rico de nuestra‚Ä¶ https://t.co/EYSUIg7prO
ObjectId("5e28fe3f9f32ef20387f42b0"),RT @lasillarota: ¬°Cuidado! Estas son las colonias donde m√°s roban mascotas https://t.co/votZTeHDOB
ObjectId("5e28fe3f9f32ef20387f42b1"),RT @lasillarota: ¬°Cuidado! Estas son las colonias donde m√°s roban mascotas https://t.co/votZTeHDOB
ObjectId("5e28fe3f9f32ef20387f42b2"),¬°Cuidado! Estas son las colonias donde m√°s roban mascotas https://t.co/votZTeHDOB
ObjectId("5e28fe3f9f32ef20387f42b3"),"La verdad es un delito que dif√≠cilmente voltean a ver, son casos que la polic√≠a no le pone tanto inter√©s‚Äù: Carlos,‚Ä¶ https://t.co/XzfENeL3wf
ObjectId("5e28fe3f9f32ef20387f42b4"),Elementos de la @SSP_CDMX detuvieron a un hombre por robo a casa habitaci√≥n #Aqu√≠EnTlalpan. #CultivandoSeguridad‚Ä¶ https://t.co/xP2TwMolaz
ObjectId("5e28fe3f9f32ef20387f42b5"),RT @PoligonoMH: @ConcejalesMH @LasGranadasMH @CBrandsMx @VecinocraciaMH @MHPoligono @ParquesPolanco8 @ANTICORRUPCIO17 @LagoAlbertoMH @2012i‚Ä¶
ObjectId("5e28fe3f9f32ef20387f42b6"),RT @lasillarota: ¬øCu√°l es la zona m√°s peligrosa para pasear a tu mascota? Te dejamos el mapa con las colonias donde tu lomito corre m√°s rie‚Ä¶
ObjectId("5e28fe3f9f32ef20387f42b7"),RT @Foro_TV: Robo y extorsi√≥n de mascotas en la CDMX. https://t.co/417GHVzxm5 https://t.co/4M9EXXPQOT
ObjectId("5e28fe3f9f32ef20387f42b8"),RT @lasillarota: ¬øCu√°l es la zona m√°s peligrosa para pasear a tu mascota? Te dejamos el mapa con las colonias donde tu lomito corre m√°s rie‚Ä¶
ObjectId("5e28fe3f9f32ef20387f42b9"),RT @lasillarota: ¬øCu√°l es la zona m√°s peligrosa para pasear a tu mascota? Te dejamos el mapa con las colonias donde tu lomito corre m√°s rie‚Ä¶
ObjectId("5e28fe3f9f32ef20387f42ba"),¬øCu√°l es la zona m√°s peligrosa para pasear a tu mascota? Te dejamos el mapa con las colonias donde tu lomito corre‚Ä¶ https://t.co/0krS0upWUj
ObjectId("5e28fe3f9f32ef20387f42bb"),@CDMX_Semovi @LaSEMOVI A ver si es posible que se pongan a trabaja el robo y el abuso de taxistas con tax√≠metros "v‚Ä¶ https://t.co/LixETwT0lk
ObjectId("5e28fe3f9f32ef20387f42bc"),RT @Armando_Mtz_A7: #AlMomento Agentes de inteligencia ‚ÄúBorus‚Äù @SSP_CDMX lograron detener a dos sujetos implicados en el robo a transe√∫ntes‚Ä¶
ObjectId("5e28fe3f9f32ef20387f42bd"),RT @Armando_Mtz_A7: #AlMomento Agentes de inteligencia ‚ÄúBorus‚Äù @SSP_CDMX lograron detener a dos sujetos implicados en el robo a transe√∫ntes‚Ä¶
ObjectId("5e28fe3f9f32ef20387f42be"),RT @Foro_TV: Robo y extorsi√≥n de mascotas en la CDMX. https://t.co/417GHVzxm5 https://t.co/4M9EXXPQOT
ObjectId("5e28fe3f9f32ef20387f42bf"),RT @Foro_TV: Robo y extorsi√≥n de mascotas en la CDMX. https://t.co/417GHVzxm5 https://t.co/4M9EXXPQOT
ObjectId("5e28fe3f9f32ef20387f42c0"),Robo y extorsi√≥n de mascotas en la CDMX. https://t.co/417GHVzxm5 https://t.co/4M9EXXPQOT
ObjectId("5e28fe3f9f32ef20387f42c1"),RT @Armando_Mtz_A7: #AlMomento Agentes de inteligencia ‚ÄúBorus‚Äù @SSP_CDMX lograron detener a dos sujetos implicados en el robo a transe√∫ntes‚Ä¶
ObjectId("5e28fe3f9f32ef20387f42c2"),RT @Armando_Mtz_A7: #AlMomento Agentes de inteligencia ‚ÄúBorus‚Äù @SSP_CDMX lograron detener a dos sujetos implicados en el robo a transe√∫ntes‚Ä¶
ObjectId("5e28fe3f9f32ef20387f42c3"),RT @Armando_Mtz_A7: #AlMomento Agentes de inteligencia ‚ÄúBorus‚Äù @SSP_CDMX lograron detener a dos sujetos implicados en el robo a transe√∫ntes‚Ä¶
ObjectId("5e28fe3f9f32ef20387f42c4"),RT @Armando_Mtz_A7: #AlMomento Agentes de inteligencia ‚ÄúBorus‚Äù @SSP_CDMX lograron detener a dos sujetos implicados en el robo a transe√∫ntes‚Ä¶
ObjectId("5e28fe3f9f32ef20387f42c5"),Captan nuevo asalto a unidad de #TransporteP√∫blico, ahora en pleno Calzada de #Tlalpan en #CDMX

https://t.co/yByepuUHLy
ObjectId("5e28fe3f9f32ef20387f42c6"),Generalmente no soy de juzgar a la gente por como luce pero hoy en la ma√±ana que se subieron dos chavos bastante ‚Äúc‚Ä¶ https://t.co/JxpnvB83go
ObjectId("5e28fe3f9f32ef20387f42c7"),@C5_CDMX @UCS_GCDMX @OpEsMx @FiscaliaCDMX Y no se hizo ninguna accion porque estamos viendo otro asalto m√°s, en la‚Ä¶ https://t.co/cqjxCAjplk
ObjectId("5e28fe3f9f32ef20387f42c8"),"Investigan tiroteo en edificio de Ej√©rcito Nacional"  https://t.co/mcKvLMHctR
¬øPor qu√© hay tanto cr√≠men, tanto asa‚Ä¶ https://t.co/WMqfiMcVWK
ObjectId("5e28fe3f9f32ef20387f42c9"),Les pido de su ayuda, acaban de asaltar al esposo de mi amiga @lauraalma32 y le quitaron su carro es un Jetta 2016‚Ä¶ https://t.co/26Q0QLmExO
ObjectId("5e28fe3f9f32ef20387f42ca"),RT @telediario: üî¥#EnDirecto Detienen a familiar de cajero presuntamente involucrado en el asalto del Diputado de Morena, Emmanuel Vargas Be‚Ä¶
ObjectId("5e28fe3f9f32ef20387f42cb"),RT @lasillarota: El detenido de 48 a√±os de edad tiene una orden de aprehensi√≥n que a√∫n est√° vigente
https://t.co/xRPP4qtUox
ObjectId("5e28fe3f9f32ef20387f42cc"),El detenido de 48 a√±os de edad tiene una orden de aprehensi√≥n que a√∫n est√° vigente
https://t.co/xRPP4qtUox
ObjectId("5e28fe3f9f32ef20387f42cd"),Si te peg√≥ "la cuesta de enero", ten cuidado, en estas zonas asaltan m√°s casas de empe√±o en la #CDMX https://t.co/n9pbi9lftB
ObjectId("5e28fe3f9f32ef20387f42ce"),Asaltan en Polanco y los detienen; tra√≠an droga y r√©plica de arma. Esto es de lo que se les podr√≠a juzgar: https://t.co/xRPP4qtUox
ObjectId("5e28fe3f9f32ef20387f42cf"),RT @lasillarota: El detenido de 48 a√±os de edad tiene una orden de aprehensi√≥n que a√∫n est√° vigente
https://t.co/xRPP4qtUox
ObjectId("5e28fe3f9f32ef20387f42d0"),RT @lasillarota: El detenido de 48 a√±os de edad tiene una orden de aprehensi√≥n que a√∫n est√° vigente
https://t.co/xRPP4qtUox
ObjectId("5e28fe3f9f32ef20387f42d1"),RT @lasillarota: El detenido de 48 a√±os de edad tiene una orden de aprehensi√≥n que a√∫n est√° vigente
https://t.co/xRPP4qtUox
ObjectId("5e28fe3f9f32ef20387f42d2"),El detenido de 48 a√±os de edad tiene una orden de aprehensi√≥n que a√∫n est√° vigente
https://t.co/xRPP4qtUox
ObjectId("5e28fe3f9f32ef20387f42d3"),RT @arthurvago: @Emmanuel_CDMX ¬øPor qu√© no le dijiste "fuchi, guacala" al ratero? ¬°Con eso hubieras evitado el asalto!
ObjectId("5e28fe3f9f32ef20387f42d4"),@KcChiefsMexico Buen d√≠a a todos, el d√≠a de hoy alg√∫n punto de reuni√≥n para ver a los Chiefs VS Titans en la CDMX ‚ùì
ObjectId("5e28fe3f9f32ef20387f42d5"),Un hombre muri√≥ y otro qued√≥ lesionado ayer, luego de que ambos fueran baleados en un asalto al llegar a un domicil‚Ä¶ https://t.co/8PJNcRfbvD
ObjectId("5e28fe3f9f32ef20387f42d6"),RT @xjusticianimal: ‚ÄúNos quitaron a nuestro husky‚Äù: Ahora denuncian secuestro de perrito en avenida Universidad https://t.co/08DeCh9YsS
ObjectId("5e28fe3f9f32ef20387f42d7"),RT @xjusticianimal: ‚ÄúNos quitaron a nuestro husky‚Äù: Ahora denuncian secuestro de perrito en avenida Universidad https://t.co/08DeCh9YsS
ObjectId("5e28fe3f9f32ef20387f42d8"),RT @xjusticianimal: ‚ÄúNos quitaron a nuestro husky‚Äù: Ahora denuncian secuestro de perrito en avenida Universidad https://t.co/08DeCh9YsS
ObjectId("5e28fe3f9f32ef20387f42d9"),RT @xjusticianimal: ‚ÄúNos quitaron a nuestro husky‚Äù: Ahora denuncian secuestro de perrito en avenida Universidad https://t.co/08DeCh9YsS
ObjectId("5e28fe3f9f32ef20387f42da"),RT @xjusticianimal: ‚ÄúNos quitaron a nuestro husky‚Äù: Ahora denuncian secuestro de perrito en avenida Universidad https://t.co/08DeCh9YsS
ObjectId("5e28fe3f9f32ef20387f42db"),RT @xjusticianimal: ‚ÄúNos quitaron a nuestro husky‚Äù: Ahora denuncian secuestro de perrito en avenida Universidad https://t.co/08DeCh9YsS
ObjectId("5e28fe3f9f32ef20387f42dc"),RT @xjusticianimal: ‚ÄúNos quitaron a nuestro husky‚Äù: Ahora denuncian secuestro de perrito en avenida Universidad https://t.co/08DeCh9YsS
ObjectId("5e28fe3f9f32ef20387f42dd"),RT @xjusticianimal: ‚ÄúNos quitaron a nuestro husky‚Äù: Ahora denuncian secuestro de perrito en avenida Universidad https://t.co/08DeCh9YsS
ObjectId("5e28fe3f9f32ef20387f42de"),RT @xjusticianimal: ‚ÄúNos quitaron a nuestro husky‚Äù: Ahora denuncian secuestro de perrito en avenida Universidad https://t.co/08DeCh9YsS
ObjectId("5e28fe3f9f32ef20387f42df"),RT @xjusticianimal: ‚ÄúNos quitaron a nuestro husky‚Äù: Ahora denuncian secuestro de perrito en avenida Universidad https://t.co/08DeCh9YsS
ObjectId("5e28fe3f9f32ef20387f42e0"),RT @xjusticianimal: ‚ÄúNos quitaron a nuestro husky‚Äù: Ahora denuncian secuestro de perrito en avenida Universidad https://t.co/08DeCh9YsS
ObjectId("5e28fe3f9f32ef20387f42e1"),RT @xjusticianimal: ‚ÄúNos quitaron a nuestro husky‚Äù: Ahora denuncian secuestro de perrito en avenida Universidad https://t.co/08DeCh9YsS
ObjectId("5e28fe3f9f32ef20387f42e2"),RT @xjusticianimal: ‚ÄúNos quitaron a nuestro husky‚Äù: Ahora denuncian secuestro de perrito en avenida Universidad https://t.co/08DeCh9YsS
ObjectId("5e28fe3f9f32ef20387f42e3"),RT @xjusticianimal: ‚ÄúNos quitaron a nuestro husky‚Äù: Ahora denuncian secuestro de perrito en avenida Universidad https://t.co/08DeCh9YsS
ObjectId("5e28fe3f9f32ef20387f42e4"),RT @xjusticianimal: ‚ÄúNos quitaron a nuestro husky‚Äù: Ahora denuncian secuestro de perrito en avenida Universidad https://t.co/08DeCh9YsS
ObjectId("5e28fe3f9f32ef20387f42e5"),RT @xjusticianimal: ‚ÄúNos quitaron a nuestro husky‚Äù: Ahora denuncian secuestro de perrito en avenida Universidad https://t.co/08DeCh9YsS
ObjectId("5e28fe3f9f32ef20387f42e6"),RT @xjusticianimal: ‚ÄúNos quitaron a nuestro husky‚Äù: Ahora denuncian secuestro de perrito en avenida Universidad https://t.co/08DeCh9YsS
ObjectId("5e28fe3f9f32ef20387f42e7"),RT @xjusticianimal: ‚ÄúNos quitaron a nuestro husky‚Äù: Ahora denuncian secuestro de perrito en avenida Universidad https://t.co/08DeCh9YsS
ObjectId("5e28fe3f9f32ef20387f42e8"),RT @xjusticianimal: ‚ÄúNos quitaron a nuestro husky‚Äù: Ahora denuncian secuestro de perrito en avenida Universidad https://t.co/08DeCh9YsS
ObjectId("5e28fe3f9f32ef20387f42e9"),RT @xjusticianimal: ‚ÄúNos quitaron a nuestro husky‚Äù: Ahora denuncian secuestro de perrito en avenida Universidad https://t.co/08DeCh9YsS
ObjectId("5e28fe3f9f32ef20387f42ea"),RT @xjusticianimal: ‚ÄúNos quitaron a nuestro husky‚Äù: Ahora denuncian secuestro de perrito en avenida Universidad https://t.co/08DeCh9YsS
ObjectId("5e28fe3f9f32ef20387f42eb"),‚ÄúNos quitaron a nuestro husky‚Äù: Ahora denuncian secuestro de perrito en avenida Universidad https://t.co/08DeCh9YsS
ObjectId("5e28fe3f9f32ef20387f42ec"),RT @CapitalMX_: #LoM√°sLe√≠do Alertan sobre nueva forma de asalto en Iztapalapa: distraen con una chica con flores https://t.co/1w3cDlUHCn
ObjectId("5e28fe3f9f32ef20387f42ed"),RT @telediario: üî¥#EnDirecto Detienen a familiar de cajero presuntamente involucrado en el asalto del Diputado de Morena, Emmanuel Vargas Be‚Ä¶
ObjectId("5e28fe3f9f32ef20387f42ee"),RT @24_morelos: #Nacional | Un hombre de la tercera edad cerraba su negocio de muebles en la #CDMX cuando dos hombres armados lo intercepta‚Ä¶
ObjectId("5e28fe3f9f32ef20387f42ef"),RT @telediario: üî¥#EnDirecto Detienen a familiar de cajero presuntamente involucrado en el asalto del Diputado de Morena, Emmanuel Vargas Be‚Ä¶
ObjectId("5e28fe3f9f32ef20387f42f0"),RT @telediario: üî¥#EnDirecto Detienen a familiar de cajero presuntamente involucrado en el asalto del Diputado de Morena, Emmanuel Vargas Be‚Ä¶
ObjectId("5e28fe3f9f32ef20387f42f1"),RT @telediario: üî¥#EnDirecto Detienen a familiar de cajero presuntamente involucrado en el asalto del Diputado de Morena, Emmanuel Vargas Be‚Ä¶
ObjectId("5e28fe3f9f32ef20387f42f2"),"Nos quitaron a nuestro husky": Ahora denuncian secuestro de perrito en avenida Universidad https://t.co/l2IfHs2rmz
ObjectId("5e28fe3f9f32ef20387f42f3"),#Nacional | Un hombre de la tercera edad cerraba su negocio de muebles en la #CDMX cuando dos hombres armados lo in‚Ä¶ https://t.co/4cv2TZmWup
ObjectId("5e28fe3f9f32ef20387f42f4"),RT @telediario: üî¥#EnDirecto Detienen a familiar de cajero presuntamente involucrado en el asalto del Diputado de Morena, Emmanuel Vargas Be‚Ä¶
ObjectId("5e28fe3f9f32ef20387f42f5"),RT @telediario: üî¥#EnDirecto Detienen a familiar de cajero presuntamente involucrado en el asalto del Diputado de Morena, Emmanuel Vargas Be‚Ä¶
ObjectId("5e28fe3f9f32ef20387f42f6"),RT @telediario: üî¥#EnDirecto Detienen a familiar de cajero presuntamente involucrado en el asalto del Diputado de Morena, Emmanuel Vargas Be‚Ä¶
ObjectId("5e28fe3f9f32ef20387f42f7"),RT @irmoralesl: La delincuencia no da tregua en la capital. Lo m√°s preocupante es el nivel de colusi√≥n de autoridades. https://t.co/UpQqxdy‚Ä¶
ObjectId("5e28fe3f9f32ef20387f42f8"),RT @irmoralesl: La delincuencia no da tregua en la capital. Lo m√°s preocupante es el nivel de colusi√≥n de autoridades. https://t.co/UpQqxdy‚Ä¶
ObjectId("5e28fe3f9f32ef20387f42f9"),RT @irmoralesl: La delincuencia no da tregua en la capital. Lo m√°s preocupante es el nivel de colusi√≥n de autoridades. https://t.co/UpQqxdy‚Ä¶
ObjectId("5e28fe3f9f32ef20387f42fa"),RT @telediario: üî¥#EnDirecto Detienen a familiar de cajero presuntamente involucrado en el asalto del Diputado de Morena, Emmanuel Vargas Be‚Ä¶
ObjectId("5e28fe3f9f32ef20387f42fb"),RT @wtfonlinemx: Asalto en @Oasis_Coyoacan por parte del banco @bbva. Cajero dio el pitazo. @SSP_CDMX ¬øCu√°ntos m√°s, @Claudiashein?
https://‚Ä¶
ObjectId("5e28fe3f9f32ef20387f42fc"),Asalto en @Oasis_Coyoacan por parte del banco @bbva. Cajero dio el pitazo. @SSP_CDMX ¬øCu√°ntos m√°s, @Claudiashein?
https://t.co/l8B1HoVoWD
ObjectId("5e28fe3f9f32ef20387f42fd"),#LoM√°sLe√≠do Alertan sobre nueva forma de asalto en Iztapalapa: distraen con una chica con flores https://t.co/1w3cDlUHCn
ObjectId("5e28fe3f9f32ef20387f42fe"),RT @telediario: üî¥#EnDirecto Detienen a familiar de cajero presuntamente involucrado en el asalto del Diputado de Morena, Emmanuel Vargas Be‚Ä¶
ObjectId("5e28fe3f9f32ef20387f42ff"),RT @telediario: üî¥#EnDirecto Detienen a familiar de cajero presuntamente involucrado en el asalto del Diputado de Morena, Emmanuel Vargas Be‚Ä¶
ObjectId("5e28fe3f9f32ef20387f4300"),RT @telediario: üî¥#EnDirecto Detienen a familiar de cajero presuntamente involucrado en el asalto del Diputado de Morena, Emmanuel Vargas Be‚Ä¶
ObjectId("5e28fe3f9f32ef20387f4301"),RT @telediario: üî¥#EnDirecto Detienen a familiar de cajero presuntamente involucrado en el asalto del Diputado de Morena, Emmanuel Vargas Be‚Ä¶
ObjectId("5e28fe3f9f32ef20387f4302"),RT @telediario: üî¥#EnDirecto Detienen a familiar de cajero presuntamente involucrado en el asalto del Diputado de Morena, Emmanuel Vargas Be‚Ä¶
ObjectId("5e28fe3f9f32ef20387f4303"),RT @elgmx: IM√ÅGENES FUERTES ‚ö† Asaltantes asesinan a abuelito que defendi√≥ lo suyo, cuando lo atacaron en el momento en que el adulto mayor‚Ä¶
ObjectId("5e28fe3f9f32ef20387f4304"),RT @lasillarota: Las zonas de #Tlalpan en donde es m√°s probable que sufras un asalto  https://t.co/UL3pKhSfjN
ObjectId("5e28fe3f9f32ef20387f4305"),RT @telediario: üî¥#EnDirecto Detienen a familiar de cajero presuntamente involucrado en el asalto del Diputado de Morena, Emmanuel Vargas Be‚Ä¶
ObjectId("5e28fe3f9f32ef20387f4306"),RT @irmoralesl: La delincuencia no da tregua en la capital. Lo m√°s preocupante es el nivel de colusi√≥n de autoridades. https://t.co/UpQqxdy‚Ä¶
ObjectId("5e28fe3f9f32ef20387f4307"),RT @telediario: üî¥#EnDirecto Detienen a familiar de cajero presuntamente involucrado en el asalto del Diputado de Morena, Emmanuel Vargas Be‚Ä¶
ObjectId("5e28fe3f9f32ef20387f4308"),RT @telediario: üî¥#EnDirecto Detienen a familiar de cajero presuntamente involucrado en el asalto del Diputado de Morena, Emmanuel Vargas Be‚Ä¶
ObjectId("5e28fe3f9f32ef20387f4309"),RT @telediario: üî¥#EnDirecto Detienen a familiar de cajero presuntamente involucrado en el asalto del Diputado de Morena, Emmanuel Vargas Be‚Ä¶
ObjectId("5e28fe3f9f32ef20387f430a"),RT @irmoralesl: La delincuencia no da tregua en la capital. Lo m√°s preocupante es el nivel de colusi√≥n de autoridades. https://t.co/UpQqxdy‚Ä¶
ObjectId("5e28fe3f9f32ef20387f430b"),RT @telediario: üî¥#EnDirecto Detienen a familiar de cajero presuntamente involucrado en el asalto del Diputado de Morena, Emmanuel Vargas Be‚Ä¶
ObjectId("5e28fe3f9f32ef20387f430c"),¬øAlguien tendr√° las #cifras de #asalto a #transe√∫nte de la #CDMX y a nivel #nacional?
ObjectId("5e28fe3f9f32ef20387f430d"),RT @telediario: üî¥#EnDirecto Detienen a familiar de cajero presuntamente involucrado en el asalto del Diputado de Morena, Emmanuel Vargas Be‚Ä¶
ObjectId("5e28fe3f9f32ef20387f430e"),RT @telediario: üî¥#EnDirecto Detienen a familiar de cajero presuntamente involucrado en el asalto del Diputado de Morena, Emmanuel Vargas Be‚Ä¶
ObjectId("5e28fe3f9f32ef20387f430f"),RT @lasillarota: Las zonas de #Tlalpan en donde es m√°s probable que sufras un asalto  https://t.co/UL3pKhSfjN
ObjectId("5e28fe3f9f32ef20387f4310"),üî¥#EnDirecto Detienen a familiar de cajero presuntamente involucrado en el asalto del Diputado de Morena, Emmanuel V‚Ä¶ https://t.co/aNVP6iYjxT
ObjectId("5e28fe3f9f32ef20387f4311"),RT @lasillarota: Las zonas de #Tlalpan en donde es m√°s probable que sufras un asalto  https://t.co/UL3pKhSfjN
ObjectId("5e28fe3f9f32ef20387f4312"),RT @lasillarota: Las zonas de #Tlalpan en donde es m√°s probable que sufras un asalto  https://t.co/UL3pKhSfjN
ObjectId("5e28fe3f9f32ef20387f4313"),Las zonas de #Tlalpan en donde es m√°s probable que sufras un asalto  https://t.co/UL3pKhSfjN
ObjectId("5e28fe3f9f32ef20387f4314"),RT @irmoralesl: La delincuencia no da tregua en la capital. Lo m√°s preocupante es el nivel de colusi√≥n de autoridades. https://t.co/UpQqxdy‚Ä¶
ObjectId("5e28fe3f9f32ef20387f4315"),RT @irmoralesl: La delincuencia no da tregua en la capital. Lo m√°s preocupante es el nivel de colusi√≥n de autoridades. https://t.co/UpQqxdy‚Ä¶
ObjectId("5e28fe3f9f32ef20387f4316"),RT @jjpani2: @SSCJesusOrta Ayer atestig√ºe un asalto en la Del Valle Norte, sobre Amores, un automovilista con su familia victimas de dos pi‚Ä¶
ObjectId("5e28fe3f9f32ef20387f4317"),RT @irmoralesl: La delincuencia no da tregua en la capital. Lo m√°s preocupante es el nivel de colusi√≥n de autoridades. https://t.co/UpQqxdy‚Ä¶
ObjectId("5e28fe3f9f32ef20387f4318"),RT @irmoralesl: La delincuencia no da tregua en la capital. Lo m√°s preocupante es el nivel de colusi√≥n de autoridades. https://t.co/UpQqxdy‚Ä¶
ObjectId("5e28fe3f9f32ef20387f4319"),RT @Univ_Metropoli: Justiciero frustra asalto a micro y mata a dos presuntos delincuentes en Iztapalapa .
https://t.co/KQ0n4clDp9 https://t‚Ä¶
ObjectId("5e28fe3f9f32ef20387f431a"),Justiciero frustra asalto a micro y mata a dos presuntos delincuentes en Iztapalapa  - https://t.co/2fOMANM6P6
ObjectId("5e28fe3f9f32ef20387f431b"),RT @telediario: üî¥#EnDirecto Muere hombre de aproximadamente 30 a√±os de edad tras sufrir un asalto en el paradero 4‚É£ caminos, #Naucalpan, #E‚Ä¶
ObjectId("5e28fe3f9f32ef20387f431c"),RT @irmoralesl: La delincuencia no da tregua en la capital. Lo m√°s preocupante es el nivel de colusi√≥n de autoridades. https://t.co/UpQqxdy‚Ä¶
ObjectId("5e28fe3f9f32ef20387f431d"),RT @irmoralesl: La delincuencia no da tregua en la capital. Lo m√°s preocupante es el nivel de colusi√≥n de autoridades. https://t.co/UpQqxdy‚Ä¶
ObjectId("5e28fe3f9f32ef20387f431e"),RT @irmoralesl: La delincuencia no da tregua en la capital. Lo m√°s preocupante es el nivel de colusi√≥n de autoridades. https://t.co/UpQqxdy‚Ä¶
ObjectId("5e28fe3f9f32ef20387f431f"),RT @elgmx: IM√ÅGENES FUERTES ‚ö† Asaltantes asesinan a abuelito que defendi√≥ lo suyo, cuando lo atacaron en el momento en que el adulto mayor‚Ä¶
ObjectId("5e28fe3f9f32ef20387f4320"),@c4jimenez @Alc_Iztapalapa @SSP_CDMX @FiscaliaCDMX @OpEsMx @alertasurbanas @Carloszup @arnemx @ElPolloCDMX‚Ä¶ https://t.co/98NM578S5B
ObjectId("5e28fe3f9f32ef20387f4321"),RT @irmoralesl: La delincuencia no da tregua en la capital. Lo m√°s preocupante es el nivel de colusi√≥n de autoridades. https://t.co/UpQqxdy‚Ä¶
ObjectId("5e28fe3f9f32ef20387f4322"),Justiciero frustra asalto y mata a dos delincuentes en Iztapalapa https://t.co/o9CsC2cepF
ObjectId("5e28fe3f9f32ef20387f4323"),RT @irmoralesl: La delincuencia no da tregua en la capital. Lo m√°s preocupante es el nivel de colusi√≥n de autoridades. https://t.co/UpQqxdy‚Ä¶
ObjectId("5e28fe3f9f32ef20387f4324"),No es asalto... es DEVOLUCION https://t.co/vaBNuE8981
ObjectId("5e28fe3f9f32ef20387f4325"),Justiciero frustra asalto y mata a dos delincuentes en Iztapalapa https://t.co/ajBdIXuYJl
ObjectId("5e28fe3f9f32ef20387f4326"),RT @irmoralesl: La delincuencia no da tregua en la capital. Lo m√°s preocupante es el nivel de colusi√≥n de autoridades. https://t.co/UpQqxdy‚Ä¶
ObjectId("5e28fe3f9f32ef20387f4327"),RT @irmoralesl: La delincuencia no da tregua en la capital. Lo m√°s preocupante es el nivel de colusi√≥n de autoridades. https://t.co/UpQqxdy‚Ä¶
ObjectId("5e28fe3f9f32ef20387f4328"),RT @irmoralesl: La delincuencia no da tregua en la capital. Lo m√°s preocupante es el nivel de colusi√≥n de autoridades. https://t.co/UpQqxdy‚Ä¶
ObjectId("5e28fe3f9f32ef20387f4329"),RT @lasillarota: Delitos con armas de fuego en 2019 ¬øse super√≥ a 2018 en la #CDMX? Estas son las cifras: https://t.co/f9dB5zWDmY
ObjectId("5e28fe3f9f32ef20387f432a"),RT @lasillarota: Delitos con armas de fuego en 2019 ¬øse super√≥ a 2018 en la #CDMX? Estas son las cifras: https://t.co/f9dB5zWDmY
ObjectId("5e28fe3f9f32ef20387f432b"),Delitos con armas de fuego en 2019 ¬øse super√≥ a 2018 en la #CDMX? Estas son las cifras: https://t.co/f9dB5zWDmY
ObjectId("5e28fe3f9f32ef20387f432c"),#Ent√©rate Familiares del expolic√≠a que recientemente fue detenido y vinculado a proceso por el presunto homicidio d‚Ä¶ https://t.co/XynyoIsC6c
ObjectId("5e28fe3f9f32ef20387f432d"),Captura @SSP_CDMX a dos personas en Polanco, uno de ellos fue identificado como "El R", presunto sicario del c√°rtel‚Ä¶ https://t.co/cGJbW8QZ97
ObjectId("5e28fe3f9f32ef20387f432e"),üò≤ Cabe mencionar que en la  de CDMX aument√≥ 2.4 por ciento el homicidio doloso. 

https://t.co/MDP5pWRCSJ
ObjectId("5e28fe3f9f32ef20387f432f"),RT @UnoNoticias: ‚úÖ Alistan festejo por 20 a√±os de ‚ÄúAmores Perros‚Äù   
‚úÖ @OzzyOsbourne revela que padece Parkinson 
‚úÖ Concierto de @RSprachro‚Ä¶
ObjectId("5e28fe3f9f32ef20387f4330"),RT @UnoNoticias: ‚úÖ Alistan festejo por 20 a√±os de ‚ÄúAmores Perros‚Äù   
‚úÖ @OzzyOsbourne revela que padece Parkinson 
‚úÖ Concierto de @RSprachro‚Ä¶
ObjectId("5e28fe3f9f32ef20387f4331"),‚úÖ Alistan festejo por 20 a√±os de ‚ÄúAmores Perros‚Äù   
‚úÖ @OzzyOsbourne revela que padece Parkinson 
‚úÖ Concierto de‚Ä¶ https://t.co/Yr4lYssaE4
ObjectId("5e28fe3f9f32ef20387f4332"),RT @telediario: üì∫ Polic√≠a de #Ecatepec y juez de #Edomex fueron trasladados al penal de Chiconautla por su probable participaci√≥n en el del‚Ä¶
ObjectId("5e28fe3f9f32ef20387f4333"),Delitos con armas de fuego en 2019 ¬øse super√≥ a 2018 en la #CDMX? Estas son las cifras: https://t.co/hHEIQBhVtk https://t.co/k8izZi0X45
ObjectId("5e28fe3f9f32ef20387f4334"),RT @telediario: üì∫ #AlMomento Madre de interno, acusado de homicidio, protesta a las afueras de Palacio Nacional; pide al Presidente #AMLO q‚Ä¶
ObjectId("5e28fe3f9f32ef20387f4335"),RT @telediario: üì∫ #AlMomento Madre de interno, acusado de homicidio, protesta a las afueras de Palacio Nacional; pide al Presidente #AMLO q‚Ä¶
ObjectId("5e28fe3f9f32ef20387f4336"),üì∫ #AlMomento Madre de interno, acusado de homicidio, protesta a las afueras de Palacio Nacional; pide al Presidente‚Ä¶ https://t.co/KFz1b97xgs
ObjectId("5e28fe3f9f32ef20387f4337"),üî¥ Del a√±o 2000 a los 2019 32 mil ni√±os han sido v√≠ctimas de homicidio, public√≥ la Red por los Derechos de la Infanc‚Ä¶ https://t.co/FkF0tngX24
ObjectId("5e28fe3f9f32ef20387f4338"),RT @lasillarota: Delitos con armas de fuego en 2019 ¬øse super√≥ a 2018 en la #CDMX? Estas son las cifras: https://t.co/f9dB5zWDmY
ObjectId("5e28fe3f9f32ef20387f4339"),RT @lasillarota: Delitos con armas de fuego en 2019 ¬øse super√≥ a 2018 en la #CDMX? Estas son las cifras: https://t.co/f9dB5zWDmY
ObjectId("5e28fe3f9f32ef20387f433a"),Delitos con armas de fuego en 2019 ¬øse super√≥ a 2018 en la #CDMX? Estas son las cifras: https://t.co/f9dB5zWDmY
ObjectId("5e28fe3f9f32ef20387f433b"),Caser√≠a de brujas y brujos.
La presidencia tiene al ejercito para exterminar a brujos y brujas.  

Algunos est√°n en‚Ä¶ https://t.co/F12p0N8oWK
ObjectId("5e28fe3f9f32ef20387f433c"),Homicidio doloso en la CDMX, al alza.
Gracias Claudia Sheinbaum 
https://t.co/ixUMXVgECL
ObjectId("5e28fe3f9f32ef20387f433d"),üì∫ Polic√≠a de #Ecatepec y juez de #Edomex fueron trasladados al penal de Chiconautla por su probable participaci√≥n e‚Ä¶ https://t.co/j7AIjAmw0v
ObjectId("5e28fe3f9f32ef20387f433e"),El motor de una motocicleta y seis balazos anunciaron un homicidio ocurrido en calles de la alcald√≠a Cuauht√©moc, en‚Ä¶ https://t.co/CIN9vZbx3v
ObjectId("5e28fe3f9f32ef20387f433f"),RT @lasillarota: Juan Carlos ‚ÄúN‚Äù calificaba de trato ‚ÄúVIP‚Äù el hecho de que un #feminicidio pueda ser castigado con m√°s a√±os de c√°rcel que u‚Ä¶
ObjectId("5e28fe3f9f32ef20387f4340"),RT @lasillarota: Juan Carlos ‚ÄúN‚Äù calificaba de trato ‚ÄúVIP‚Äù el hecho de que un #feminicidio pueda ser castigado con m√°s a√±os de c√°rcel que u‚Ä¶
ObjectId("5e28fe3f9f32ef20387f4341"),RT @lasillarota: Juan Carlos ‚ÄúN‚Äù calificaba de trato ‚ÄúVIP‚Äù el hecho de que un feminicidio pueda ser castigado con m√°s a√±os de c√°rcel que un‚Ä¶
ObjectId("5e28fe3f9f32ef20387f4342"),RT @lasillarota: Juan Carlos ‚ÄúN‚Äù calificaba de trato ‚ÄúVIP‚Äù el hecho de que un #feminicidio pueda ser castigado con m√°s a√±os de c√°rcel que u‚Ä¶
ObjectId("5e28fe3f9f32ef20387f4343"),RT @lasillarota: Juan Carlos ‚ÄúN‚Äù calificaba de trato ‚ÄúVIP‚Äù el hecho de que un #feminicidio pueda ser castigado con m√°s a√±os de c√°rcel que u‚Ä¶
ObjectId("5e28fe3f9f32ef20387f4344"),Juan Carlos ‚ÄúN‚Äù calificaba de trato ‚ÄúVIP‚Äù el hecho de que un #feminicidio pueda ser castigado con m√°s a√±os de c√°rce‚Ä¶ https://t.co/t9nIxCjEL6
ObjectId("5e28fe3f9f32ef20387f4345"),RT @lasillarota: Juan Carlos ‚ÄúN‚Äù calificaba de trato ‚ÄúVIP‚Äù el hecho de que un feminicidio pueda ser castigado con m√°s a√±os de c√°rcel que un‚Ä¶
ObjectId("5e28fe3f9f32ef20387f4346"),RT @lasillarota: Juan Carlos ‚ÄúN‚Äù calificaba de trato ‚ÄúVIP‚Äù el hecho de que un feminicidio pueda ser castigado con m√°s a√±os de c√°rcel que un‚Ä¶
ObjectId("5e28fe3f9f32ef20387f4347"),RT @lasillarota: Juan Carlos ‚ÄúN‚Äù calificaba de trato ‚ÄúVIP‚Äù el hecho de que un feminicidio pueda ser castigado con m√°s a√±os de c√°rcel que un‚Ä¶
ObjectId("5e28fe3f9f32ef20387f4348"),RT @lasillarota: Juan Carlos ‚ÄúN‚Äù calificaba de trato ‚ÄúVIP‚Äù el hecho de que un feminicidio pueda ser castigado con m√°s a√±os de c√°rcel que un‚Ä¶
ObjectId("5e28fe3f9f32ef20387f4349"),RT @lasillarota: Juan Carlos ‚ÄúN‚Äù calificaba de trato ‚ÄúVIP‚Äù el hecho de que un feminicidio pueda ser castigado con m√°s a√±os de c√°rcel que un‚Ä¶
ObjectId("5e28fe3f9f32ef20387f434a"),RT @lasillarota: Juan Carlos ‚ÄúN‚Äù calificaba de trato ‚ÄúVIP‚Äù el hecho de que un feminicidio pueda ser castigado con m√°s a√±os de c√°rcel que un‚Ä¶
ObjectId("5e28fe3f9f32ef20387f434b"),Juan Carlos ‚ÄúN‚Äù calificaba de trato ‚ÄúVIP‚Äù el hecho de que un feminicidio pueda ser castigado con m√°s a√±os de c√°rcel‚Ä¶ https://t.co/PKcctmMfL1
ObjectId("5e28fe3f9f32ef20387f434c"),RT @lasillarota: Juan Carlos ‚ÄúN‚Äù calificaba de trato ‚ÄúVIP‚Äù el hecho de que un feminicidio pueda ser castigado con m√°s a√±os de c√°rcel que un‚Ä¶
ObjectId("5e28fe3f9f32ef20387f434d"),RT @lasillarota: Juan Carlos ‚ÄúN‚Äù calificaba de trato ‚ÄúVIP‚Äù el hecho de que un feminicidio pueda ser castigado con m√°s a√±os de c√°rcel que un‚Ä¶
ObjectId("5e28fe3f9f32ef20387f434e"),RT @lasillarota: Juan Carlos ‚ÄúN‚Äù calificaba de trato ‚ÄúVIP‚Äù el hecho de que un feminicidio pueda ser castigado con m√°s a√±os de c√°rcel que un‚Ä¶
ObjectId("5e28fe3f9f32ef20387f434f"),RT @lasillarota: Juan Carlos ‚ÄúN‚Äù calificaba de trato ‚ÄúVIP‚Äù el hecho de que un feminicidio pueda ser castigado con m√°s a√±os de c√°rcel que un‚Ä¶
ObjectId("5e28fe3f9f32ef20387f4350"),RT @lasillarota: Juan Carlos ‚ÄúN‚Äù calificaba de trato ‚ÄúVIP‚Äù el hecho de que un feminicidio pueda ser castigado con m√°s a√±os de c√°rcel que un‚Ä¶
ObjectId("5e28fe3f9f32ef20387f4351"),Juan Carlos ‚ÄúN‚Äù calificaba de trato ‚ÄúVIP‚Äù el hecho de que un feminicidio pueda ser castigado con m√°s a√±os de c√°rcel‚Ä¶ https://t.co/xw59H2E4w3
ObjectId("5e28fe3f9f32ef20387f4352"),RT @lasillarota: Juan Carlos ‚ÄúN‚Äù calificaba de trato ‚ÄúVIP‚Äù el hecho de que un #feminicidio pueda ser castigado con m√°s a√±os de c√°rcel que u‚Ä¶
ObjectId("5e28fe3f9f32ef20387f4353"),Juan Carlos ‚ÄúN‚Äù calificaba de trato ‚ÄúVIP‚Äù el hecho de que un #feminicidio pueda ser castigado con m√°s a√±os de c√°rce‚Ä¶ https://t.co/cNwg5jU3fI
ObjectId("5e28fe3f9f32ef20387f4354"),RT @lasillarota: Juan Carlos ‚ÄúN‚Äù calificaba de trato ‚ÄúVIP‚Äù el hecho de que un #feminicidio pueda ser castigado con m√°s a√±os de c√°rcel que u‚Ä¶
ObjectId("5e28fe3f9f32ef20387f4355"),RT @lasillarota: Juan Carlos ‚ÄúN‚Äù calificaba de trato ‚ÄúVIP‚Äù el hecho de que un #feminicidio pueda ser castigado con m√°s a√±os de c√°rcel que u‚Ä¶
ObjectId("5e28fe3f9f32ef20387f4356"),RT @lasillarota: Juan Carlos ‚ÄúN‚Äù calificaba de trato ‚ÄúVIP‚Äù el hecho de que un #feminicidio pueda ser castigado con m√°s a√±os de c√°rcel que u‚Ä¶
ObjectId("5e28fe3f9f32ef20387f4357"),RT @lasillarota: Juan Carlos ‚ÄúN‚Äù calificaba de trato ‚ÄúVIP‚Äù el hecho de que un #feminicidio pueda ser castigado con m√°s a√±os de c√°rcel que u‚Ä¶
ObjectId("5e28fe3f9f32ef20387f4358"),RT @lasillarota: Juan Carlos ‚ÄúN‚Äù calificaba de trato ‚ÄúVIP‚Äù el hecho de que un #feminicidio pueda ser castigado con m√°s a√±os de c√°rcel que u‚Ä¶
ObjectId("5e28fe3f9f32ef20387f4359"),Juan Carlos ‚ÄúN‚Äù calificaba de trato ‚ÄúVIP‚Äù el hecho de que un #feminicidio pueda ser castigado con m√°s a√±os de c√°rce‚Ä¶ https://t.co/nQq6lG7g9H
ObjectId("5e28fe3f9f32ef20387f435a"),RT @lasillarota: Juan Carlos ‚ÄúN‚Äù calificaba de trato ‚ÄúVIP‚Äù el hecho de que un feminicidio pueda ser castigado con m√°s a√±os de c√°rcel que un‚Ä¶
ObjectId("5e28fe3f9f32ef20387f435b"),RT @lasillarota: Juan Carlos ‚ÄúN‚Äù calificaba de trato ‚ÄúVIP‚Äù el hecho de que un feminicidio pueda ser castigado con m√°s a√±os de c√°rcel que un‚Ä¶
ObjectId("5e28fe3f9f32ef20387f435c"),Juan Carlos ‚ÄúN‚Äù calificaba de trato ‚ÄúVIP‚Äù el hecho de que un feminicidio pueda ser castigado con m√°s a√±os de c√°rcel‚Ä¶ https://t.co/p7UYnQ1OYB
ObjectId("5e28fe3f9f32ef20387f435d"),@GobCDMX @LaSEMOVI @SOBSECDMX @AlcCuauhtemocMx Y cuando el trolebus atropelle un ciclista el @CDMX_Semovi‚Ä¶ https://t.co/KLCxmjhj2X
ObjectId("5e28fe3f9f32ef20387f435e"),RT @Alc_Iztapalapa: La @SSP_CDMX detuvo a un hombre como el posible responsable del homicidio de una persona en la colonia #ChinampacDeJu√°r‚Ä¶
ObjectId("5e28fe3f9f32ef20387f435f"),Un Juez de Control vincul√≥ por el il√≠cito de homicidio culposo agravado, y le otorg√≥ la medida cautelar de presenta‚Ä¶ https://t.co/m9t3EdjA9b
